"reference_index","source_root","relative_path","source_label","source_name","cluster_label","file_size_bytes","sha256"
"0","malignant","reference_000000.png","5","Malignant","0","21593","dde670e1965a8595821a11c62f6507f714e7f1f4e36c08539488a89352ca6a02"
"1","malignant","reference_000001.png","5","Malignant","0","32101","152d8dd91fbd609d7a2ed6fb7198fd49b34e756e6fd8ba25368c112d705e4684"
"2","malignant","reference_000002.png","5","Malignant","0","21461","a5c7a89599b23119d86d4eae4e6bd0c879b5e84bfba5d546685f34da051fb338"
"3","malignant","reference_000003.png","5","Malignant","0","16442","591959fe17830269aa2719ece4efb8459ae83a3e8782e3be685cb100edc6c8b0"
"4","malignant","reference_000004.png","5","Malignant","0","26992","473b8d624074a54fd199c11e06f7904f5af9d5e52e938141d1425a0ce94a9513"
"5","malignant","reference_000005.png","5","Malignant","0","30344","ff51cdc9098dc96e9bb2a36e61c63c28d0412f4e15eb3831a9d9012937010fc5"
"6","malignant","reference_000006.png","5","Malignant","0","28003","0bcbe7b217d6b48fb3d8d14c745f97d78567be26bee028e910f2eb4a997584bc"
"7","malignant","reference_000007.png","5","Malignant","0","28981","fbea1c53dbc4f26190c8637016486d4ea96188b7cc454d5407a50d7245ec124d"
"8","malignant","reference_000008.png","5","Malignant","0","19863","b13a349523e84ccef9e579c5ac61985c4ef84bdc501ec9b178d496aea2d365fe"
"9","malignant","reference_000009.png","5","Malignant","0","21718","1a7c80a16d5f32547d1d7d9378528f1053af4f458fbf012b9c9bd2e3da58b506"
"10","malignant","reference_000010.png","5","Malignant","0","24774","97549a265ca69c341e387dd037bf3b0368e4166555ec8db348deb57f04810839"
"11","malignant","reference_000011.png","5","Malignant","0","25872","ebcf12bcd42a35d1b6fba048e6a3d1fa686e32c5c027679dede2ee6e0a634a79"
"12","malignant","reference_000012.png","5","Malignant","0","17717","c5abeb51cf95d616689bd3d3e66d18e3981e7ea5c814bf416b6e54de708f87b8"
"13","malignant","reference_000013.png","5","Malignant","0","19132","54af81b0a97d6edf573165d16239b1d5eddcbdf4ae929a051e2f2b296a493459"
"14","malignant","reference_000014.png","5","Malignant","0","19846","79a12d3660b5fbee81d7386a2b0515bfd6657cf4fc4d105df6afe2dd04c23efd"
"15","malignant","reference_000015.png","5","Malignant","0","48942","d6e2a871fb1668a11f977172ffec348cd0a293c961654570f856893b53eea5ee"
"16","malignant","reference_000016.png","5","Malignant","0","22469","e4114c90c2c054746b745d8720f0d7360b99762a9bfacedfbd1ecd30848c81fa"
"17","malignant","reference_000017.png","5","Malignant","0","41444","88207374a7f56b66c7ad613174f14555a0180337f6a4199e63c6c67ba65f6710"
"18","malignant","reference_000018.png","5","Malignant","0","28623","dada1cfb0c435a1bd48bf32fe5d2f3617bcdfb21bef8a3850de7560b5c01d320"
"19","malignant","reference_000019.png","5","Malignant","0","20112","f817bd18c95a24f2164323340080f8d51b141bae650db8f7cffd359c9ffb62e0"
"20","malignant","reference_000020.png","5","Malignant","0","52798","9ebfeaa33fff0d32ef55aa05af22ec35f309a42c95260a5a93e0e4e0621a0b96"
"21","malignant","reference_000021.png","5","Malignant","0","87033","ecc892f577385925d2bd6b8f04624ece3362d83c8a4f826a0baa36394c2ca348"
"22","malignant","reference_000022.png","5","Malignant","0","59799","a788c2c39f35c186b00e8bf519014e336d5a9d3845b9c080d5f62545528b3c77"
"23","malignant","reference_000023.png","5","Malignant","0","91584","43faaa34fa5e7bc7befbed4c415c687a432e11808bf3d14fe65521bbca34f9c1"
"24","malignant","reference_000024.png","5","Malignant","0","36130","f28587fe3bb24f666785d7f58d3aac5669b269ed791bbe768e1c6ffd500492c0"
"25","malignant","reference_000025.png","5","Malignant","0","50191","62cd59b58107c30302e6aebaa5fcaed84e953dad68f76354b6213b654abea0e8"
"26","malignant","reference_000026.png","5","Malignant","0","37074","f26b6f093603ed2ec60152943a1c51519b115478d1e0f360fe494255e2a9a7c5"
"27","malignant","reference_000027.png","5","Malignant","0","106379","bbb24a680bbdec5dfbf0ac0f50d9cc73eccbd8f0bf528f001fabca1899abc682"
"28","malignant","reference_000028.png","5","Malignant","0","52531","5651cc9fe7ebcf6d0381536eb8d9abe376073dd516690901ac6bfc464ce987b1"
"29","malignant","reference_000029.png","5","Malignant","0","57914","9ba2b3b1b19ed17b75de2278d322f4b9d8f2afd6f68fdabf196872e673ac26ed"
"30","malignant","reference_000030.png","5","Malignant","0","76256","193b8dbdcbfeb074b510e750050313062aeee666d59757280488a379f4b4960e"
"31","malignant","reference_000031.png","5","Malignant","0","56625","4d7a6952d1f3762543aca16e37e664b4ce181a0c2159af32cde9b0d7b6427375"
"32","malignant","reference_000032.png","5","Malignant","0","108179","731201bbd160d699b1075e72794ee5f984365f0019c9063837dfcd0fa3e9898e"
"33","malignant","reference_000033.png","5","Malignant","0","48579","977d42d643736d6c42074c5791ab34befe0c35e72d7121ada63dc9f5947f41f2"
"34","malignant","reference_000034.png","5","Malignant","0","44053","4366040d34d0b5d9f891033bc8722cda9cc0bf8f35fa272ab7a6705ae0af60cf"
"35","malignant","reference_000035.png","5","Malignant","0","64543","653daa2eb14c301531ed2bb6063ba5d2ecf73744b74092a9e0de19a22ee64e3a"
"36","malignant","reference_000036.png","5","Malignant","0","33541","3991ec61397b303b13f484124a1f843bf0e4d3ba9f4349a3f63d550fe5b62c77"
"37","malignant","reference_000037.png","5","Malignant","0","37233","2c201adb04f6637c2a904a095ab4642a27419d2f358b1e4fe3f5c6f3e35b406f"
"38","malignant","reference_000038.png","5","Malignant","0","68660","07ff9d197fbeb5f9a9b260e59bf575ba40192757eea15d189695942de9c834d6"
"39","malignant","reference_000039.png","5","Malignant","0","40222","552d41f20408ed27152f1e91d7fbecdf8f11e2a8408a0b8cf0a17273ffd788f7"
"40","malignant","reference_000040.png","5","Malignant","0","66676","d1648dbd78d4834d5d88ed66b315fd93950c4e16a82d1ccf85a6e3027daf8eb2"
"41","malignant","reference_000041.png","5","Malignant","0","63403","433ec9778b4bf935df2f853039ff2d4f304c15ce72e96a0134c6697f4756dce1"
"42","malignant","reference_000042.png","5","Malignant","0","66328","49b042ef9662afcf8d8379690881ea507c6d06006748ac81529c20a4eab5e0be"
"43","malignant","reference_000043.png","5","Malignant","0","39201","533289c4c77f6cccdb902c4d5c5853933cb38aa0914cf347e6009af98383417f"
"44","malignant","reference_000044.png","5","Malignant","0","47947","a0eea521be51a562ed0bce3b35c037352b8d6dbae8e92c2b8b89c32a1fe407de"
"45","malignant","reference_000045.png","5","Malignant","0","104743","524bc1caa9c7815c26d3f916bd264f490e6ead832aed27f9fa5bef8744808378"
"46","malignant","reference_000046.png","5","Malignant","0","81399","db669381960c008069684442eccb304af65377145fe653fb302f78170efef460"
"47","malignant","reference_000047.png","5","Malignant","0","72360","2aa071b94584278341d20dd8aa94a2e80fc39fe8f58c767fcbf3155323559a2e"
"48","malignant","reference_000048.png","5","Malignant","0","25665","8568821f37decea756eb811b55ad3a700a34ee5bacdbf67429352070c38498b7"
"49","malignant","reference_000049.png","5","Malignant","0","14215","41de06d9510517e135985ab34c9545792e09a1b956c1b7a23bc3bfd8278fe72d"
"50","malignant","reference_000050.png","5","Malignant","0","14332","9ccda06e670b9a1cc11358cb2aecf9ab204ed82b1ca8c8bba9096eaa9ec867fb"
"51","malignant","reference_000051.png","5","Malignant","0","30140","88238b9b2fb26d2111f0825c052fccd9007afb01b6fedf4846e0fb8d72b25e93"
"52","malignant","reference_000052.png","5","Malignant","0","15737","8403bada02c0c275fa6d228140b7e0a78337a3d9910a44f45202657ee5c20edc"
"53","malignant","reference_000053.png","5","Malignant","0","20682","3d4054444d3bd3f60ca54062c74df3c3cd9c3279f4e1023b55be2827319f5a54"
"54","malignant","reference_000054.png","5","Malignant","0","18506","49c817f25a6f2bd21db77e6a42a3a9597ac29f708c4d00e4aec03e1279cbfc2f"
"55","malignant","reference_000055.png","5","Malignant","0","41214","d7380f0197907b6c02f8895a6da25f5656cc2d794f1f94bcf2f1594e225bf0f2"
"56","malignant","reference_000056.png","5","Malignant","0","40409","f1016190bb7eeabfd6e77b796a3d79e3ac036449da41f12fa7d345f445559683"
"57","malignant","reference_000057.png","5","Malignant","0","35400","f0c67b604b7f370717879172f4040edfd3860ab197145b2203e37701d9a271db"
"58","malignant","reference_000058.png","5","Malignant","0","37989","703c8208a881f2b5d6e7eab4a4c049a821fd7de8913284487510d70bab90a69d"
"59","malignant","reference_000059.png","5","Malignant","0","33702","6764aed8f09400f2441eef592c32d0a2758306441fadcea3a4f764c85cb50828"
"60","malignant","reference_000060.png","5","Malignant","0","44215","11010c5ea10c9cfd2464d5f7bcf38236b57178c068ed38cfcf29c5a9d5017074"
"61","malignant","reference_000061.png","5","Malignant","0","31510","0c4bdf1e4873389125776410794f26649987acf52fd6010affebddb33f70a33d"
"62","malignant","reference_000062.png","5","Malignant","0","33483","36a1427885fee0be5b51aa32df150de15ab39dd145e342714a7d034574b54c18"
"63","malignant","reference_000063.png","5","Malignant","0","32863","59f1118d083740cf3d3c5d702e61c4c9e56c946366800cff226c1242a5575ae0"
"64","malignant","reference_000064.png","5","Malignant","0","45419","1532f69622dc451ca98323ec14c0a1544c9d85ec30c13950f7d51e48e3290c17"
"65","malignant","reference_000065.png","5","Malignant","0","60260","78f7cc5a79266420def36dbb95ed258c3aeef34ae51c41c1146b888d5aafde12"
"66","malignant","reference_000066.png","5","Malignant","0","35087","7c92b44a36fe63a4fe4d00c08326fca34e8b86add2e07decba43f15b6aff0c46"
"67","malignant","reference_000067.png","5","Malignant","0","35711","9438658bd647c2c52970dc21d5580e455858eb3296a7f2944dfdfa0e69ba82fd"
"68","malignant","reference_000068.png","5","Malignant","0","39029","9d255e941486943e9e647ea0d866ed8e4ec751109a06da26e4791b0ea11b0143"
"69","malignant","reference_000069.png","5","Malignant","0","42867","4deca1af73ec28200362f3287bb5c619e71944c554abe96eff1e7549c3b71140"
"70","malignant","reference_000070.png","5","Malignant","0","72876","a2e345f2d9d1fa13964802f8cb020c9772a40d40e67bc3d6a57e62ee80519a8e"
"71","malignant","reference_000071.png","5","Malignant","0","65424","1dfdd00f849097b74dbecc55095b377e62805115da5f912b7b2ddb05be20f0d7"
"72","malignant","reference_000072.png","5","Malignant","0","118289","da16926133b18badea51089bdba941dcfd2dcebcf3843f9cf9fcf6392f145fdc"
"73","malignant","reference_000073.png","5","Malignant","0","155552","3455b3da28aaa4c193676416a8ee8986e54b6ccc82a5d46eb1ea56dcd65e0967"
"74","malignant","reference_000074.png","5","Malignant","0","129464","01b22ac2f46a4766ac8e5936be5f5f0d980e93b3cda2fdae1ce2c075ef250b07"
"75","malignant","reference_000075.png","5","Malignant","0","85164","8de736a302ebea497d9c62a78ca74fe810c94baccdc3a90f5527af094c64dec9"
"76","malignant","reference_000076.png","5","Malignant","0","147665","edec7e83055d09403df8c062f99498fa24a8ea8803f520c5b72fda50c500586e"
"77","malignant","reference_000077.png","5","Malignant","0","49424","a2fd9bc244438df83f1d960469607b025502c9bc655d415c9aee3a1c0110e38b"
"78","malignant","reference_000078.png","5","Malignant","0","23157","23e1cf76b1110c8b49398d453f14fadc8b2f10ae8fc822cd79c9c4fae70a447d"
"79","malignant","reference_000079.png","5","Malignant","0","28300","26d6a3376ee75cee42e85f6e6f2dfa401400d6df474eb5dff437b80f17c5d053"
"80","malignant","reference_000080.png","5","Malignant","0","126314","6039de37b133e1c9b9f195950c05fbc7463b07c47444bed4e61dc79944b27888"
"81","malignant","reference_000081.png","5","Malignant","0","138643","ee80dfd510892832f68b4a447b44291c6ed74ec4e734054733d20472c839f316"
"82","malignant","reference_000082.png","5","Malignant","0","113049","59e5ddd584abce765dbe14d710afd45e6b15f7d62359538910b1a95dd2e1bbeb"
"83","malignant","reference_000083.png","5","Malignant","0","48810","af969167129cc98d3288dc7c9687ccff00ab64a39326273051c305560bbbe88b"
"84","malignant","reference_000084.png","5","Malignant","0","41328","d7a61cb649a2c66492e9324a403f79386ee8bd5238d88a5a3201d60fc51f36db"
"85","malignant","reference_000085.png","5","Malignant","0","66694","5981b11a180db7791d492a889bcc86ab32ab819e7094a3594991743d00343af6"
"86","malignant","reference_000086.png","5","Malignant","0","43920","9d23265508ade9e10fab1ebd5e835334abbe87409438f747ec064cdb176dc7d8"
"87","malignant","reference_000087.png","5","Malignant","0","22254","86344094444396bcd744e16b634f5fb2feaa642f83bdb70c54b7170561290265"
"88","malignant","reference_000088.png","5","Malignant","0","39728","cceabb1809daeb4f08152095acd369d2a6c4db622fd1f3fb8b9f33f67a9012a1"
"89","malignant","reference_000089.png","5","Malignant","0","59015","7b3944881a55fdae6d2ec82976dae4407e070c3b7604bf7a841ebae46128a97f"
"90","malignant","reference_000090.png","5","Malignant","0","76122","40ccb3634b73cd728df2ee63a58deacdb6049d2f71f1073077b72b6c4b0b627c"
"91","malignant","reference_000091.png","5","Malignant","0","60569","4ec0b0b6ad2cd91d393b7272b50408588dfa3b845567f26abcb0b3e93efc3190"
"92","malignant","reference_000092.png","5","Malignant","0","67081","811e660e9959d6e0862a87bb4769aa693a7affa02023959a3ecfc64660a58655"
"93","malignant","reference_000093.png","5","Malignant","0","74833","24659bfadeb555278fa8a0a7def8da40e9161e2e7ce75bbd2e915c7c666c9b76"
"94","malignant","reference_000094.png","5","Malignant","0","25539","8dffff552e3e815ae9e7002e756d687aade3745cbae7dc454e5e95bfefeee541"
"95","malignant","reference_000095.png","5","Malignant","0","25202","18e8cb6826af5fa747877353463dcbd0258c97c4f04fcfb4e148a63990a210c4"
"96","malignant","reference_000096.png","5","Malignant","0","19515","cc550a8c2aa793a07e51084f0dcfa4e225989b97d9bfd2006d742d0d6d86df14"
"97","malignant","reference_000097.png","5","Malignant","0","45617","c2c26eee76c4b1b233bf0b56e8416f3d93e458f8af7a38756189d5357dbca921"
"98","malignant","reference_000098.png","5","Malignant","0","30054","4a764043462eddbf4cb80634f778cb6c8a8b8c391644c084d6d8141ba4e4c3de"
"99","malignant","reference_000099.png","5","Malignant","0","37228","a634b42f240512be9e462e148ad51ea733122c6226c7e3a49368902122a206fd"
"100","malignant","reference_000100.png","5","Malignant","0","31451","c54c93e162bcd8165c64b56574e641427331cc3003f48e94c443a8f832e36c03"
"101","malignant","reference_000101.png","5","Malignant","0","39119","35256a9c6afeacb0b1969551f1bcbcd5522ef348ef8420476e6c8a1fbf00243f"
"102","malignant","reference_000102.png","5","Malignant","0","43808","bb07d158e8557d5e17f9ea7888d6b3ebe1176c92990e18c17dd0ff0fca85dd1e"
"103","malignant","reference_000103.png","5","Malignant","0","19338","69abe55338c786036d4b903ba9def4ea063f9678658eba88d2d6f42a9c4dcaf3"
"104","malignant","reference_000104.png","5","Malignant","0","20321","b0237421c11b369b18d4570f6ed71524fefaba6704f688cb51808572e994facd"
"105","malignant","reference_000105.png","5","Malignant","0","38860","52b059db495b411cbe64cb6bcbfb29360ed80ab14c639f39656782b24821f089"
"106","malignant","reference_000106.png","5","Malignant","0","53278","b2bc145edb3d25eb45a2b688d102791f2dc61964eb7dbbe2f33e274244c5f165"
"107","malignant","reference_000107.png","5","Malignant","2","8870","79fb5426fa8ceb7b535e92b78f289556a807604265e8cfb4aa84ce14428bd5c0"
"108","malignant","reference_000108.png","5","Malignant","2","5660","f64a24da844fa1f4143bcf21bf1af3bcdbd13f3cb312ca5a447b5cb96eb385fb"
"109","malignant","reference_000109.png","5","Malignant","2","4316","879f95b44d2a69b3a62a4063c817092282825e04d908ae827aaee093b5db5b04"
"110","malignant","reference_000110.png","5","Malignant","2","4830","efdf52112d675fe74e6943cf82f97368fd344f506a0e0425fae2effc1d4ad377"
"111","malignant","reference_000111.png","5","Malignant","2","7664","23f7bac9d980a9e51cdd6ca7f57705c8ea2e48b258a6b6c9ca2b3cd9e285448e"
"112","malignant","reference_000112.png","5","Malignant","2","4882","1490cedc22443a5a3460d28f9a3e53de380d56d6c42806dc8a5242d6c15d9638"
"113","malignant","reference_000113.png","5","Malignant","2","2538","14df4247c4a88bef3642e51088a59d270b399399cd2d535e62d39316caced6e1"
"114","malignant","reference_000114.png","5","Malignant","2","3311","6981f01e11613d4eb495eabc1456a65962220364bb9632b0d785b5ae759c06f3"
"115","malignant","reference_000115.png","5","Malignant","2","7843","b66ae9e968edd74c4b3de7be7c20609f4422dabc6ef7d8bf2e2826268e283114"
"116","malignant","reference_000116.png","5","Malignant","2","2349","87c124860623cd33ab26c3d71b11399e868213b437ef74ad2db1e31c56b77f3a"
"117","malignant","reference_000117.png","5","Malignant","2","3792","cca0eb8bcd603538b316bcd6b2013afc69aa0a7cd66538579a1fd8a94b0237e5"
"118","malignant","reference_000118.png","5","Malignant","2","2680","cf67395c8ebede8ba0f849192fd33ebcb48eb62c1e7e0e1e0900fe362cee323b"
"119","malignant","reference_000119.png","5","Malignant","2","3203","27aa573d02f0bcd6f9dcda9a948a3a3a1241cce8e12b8feaefc4aa8ad3c38fb8"
"120","malignant","reference_000120.png","5","Malignant","2","9016","daa284b96e1dfa0b2be2a1d83d8dbb6e58aa923cd48d1b38ae642d93e180f006"
"121","malignant","reference_000121.png","5","Malignant","2","3442","223594d419765be08107c09ef737c6ce7e474090e42cc39f3d69b62d63d8bf08"
"122","malignant","reference_000122.png","5","Malignant","2","2445","c858a4f75d30ef592cb6fdac22660288bd33ec964238b238502b9191fe8c5116"
"123","malignant","reference_000123.png","5","Malignant","2","2793","957a4a87b846ceafec7ba78fddb8abb26bdfdff20b7b81a04b14af3c5f59fef0"
"124","malignant","reference_000124.png","5","Malignant","2","4647","a85f0ce5dea28332b25437bc85015a87b55880a84b8fb80eea77ac95ec13abe7"
"125","malignant","reference_000125.png","5","Malignant","2","4070","e194b9f129a7e53e07f371820bb06635d5021bc67f3da8ec32527a7fcf85328f"
"126","malignant","reference_000126.png","5","Malignant","2","3507","6ab8e0d55c5722d5501e6781888a8c37ab25f95554a1e3f7fc942e8d59738760"
"127","malignant","reference_000127.png","5","Malignant","2","3527","3fceaa119e3a0ef927a138b18fa7da53b9ccf1658201952771efe5646b7a417f"
"128","malignant","reference_000128.png","5","Malignant","2","8865","3848015720061a1bf10329283bb79b9cf78011cfcb30e4ab95d832004fa6642b"
"129","malignant","reference_000129.png","5","Malignant","2","18750","ffe2a90264795c8827ca41439aa12e8960c32e8b58f87f6bdb4c16f3ef6c77d0"
"130","malignant","reference_000130.png","5","Malignant","2","10886","8b324941f090f4c3d140a371e80f71fd88f3812e62ff161b50f262d4059febd0"
"131","malignant","reference_000131.png","5","Malignant","2","8350","66f97d1e2e8df59dca6cbbaadba88f66390e2e9ab7d76ae8adadec8058e61cd6"
"132","malignant","reference_000132.png","5","Malignant","2","4724","06aa2bda5ce8dd2485d6b502bc84488ddbd61485be3aa32b6a2e5050164f99d6"
"133","malignant","reference_000133.png","5","Malignant","2","6071","0d1e38e93145a094ddd3c7b23d699ba646ba90b9973f3075a81ed85212f328b0"
"134","malignant","reference_000134.png","5","Malignant","2","5114","ec1803c07a1f1dd4dbe5dcab4047f2a5041f2e4e9487ad35764536ec8a966cae"
"135","malignant","reference_000135.png","5","Malignant","2","4726","98779192ff2ec1d90527bc7f6a7837e76d78ae4a07ef6e4be17c26b2fcac6838"
"136","malignant","reference_000136.png","5","Malignant","2","5814","ed75a385a96453bb02ebf561c33cde9e43eaf66002627dc128861bd3e5247ce2"
"137","malignant","reference_000137.png","5","Malignant","2","4721","4816d975efd737d0a43117bbf43ca97491132590149052e5c598434addf764da"
"138","malignant","reference_000138.png","5","Malignant","2","4366","cf8a0d88cdce758d3de2abdc3663d380cbd2a49284c9f0df171222c754cc71d8"
"139","malignant","reference_000139.png","5","Malignant","2","6912","4a87abdd7045abd2e6c16f8fe81b487909b068ce299488a9d58a13abc18d164a"
"140","malignant","reference_000140.png","5","Malignant","2","5067","a7cd7dc1348065ad7fe56af031983356c13b2239012ddfa39450b8fca19728bf"
"141","malignant","reference_000141.png","5","Malignant","2","10950","4f4a20be7e8b791f89a351cf8f288245a7f9277eebba837c3162ff24dc6699d9"
"142","malignant","reference_000142.png","5","Malignant","2","4645","de3accfb50983800ec6def885828f6f00933b17ed5e5ce0141180b40bbcf3e6c"
"143","malignant","reference_000143.png","5","Malignant","2","4597","62fa8dfa1d41ba0cb69ed971cd7530be507be698d557e06ccc8fcdf27c57484d"
"144","malignant","reference_000144.png","5","Malignant","2","6720","9f9b0a7fb87c006accec3c4ba448aa4ab3fcceb12462bf93bcd0a018c7bf36f3"
"145","malignant","reference_000145.png","5","Malignant","2","5130","9f05130238f43d5a896979f4a2537e2af808ad1e0b4bfb6b3cc6b4a0e63cead7"
"146","malignant","reference_000146.png","5","Malignant","2","4094","caf1d0ed571e972d19fb09d74b80ab342f274d1b12a90cb95a29e6e2e9486f50"
"147","malignant","reference_000147.png","5","Malignant","2","5110","71aad16cb3b8863983c675febf94e1af4174421ac4c47958d40260b89b8c130e"
"148","malignant","reference_000148.png","5","Malignant","2","6692","02c2a5a2e5dc185f845df082e32b22a40d29e9d280b4c0999be7ca27cfade55a"
"149","malignant","reference_000149.png","5","Malignant","2","9178","9d98b11a55480bcb994925ba3b2c4b71bfbecef81f091f4f989f65bf7e078340"
"150","malignant","reference_000150.png","5","Malignant","2","4228","30d18d88af2c750d6f9cc529f919fc0eb05f0ff4629c2176e94e6cc8679b77b1"
"151","malignant","reference_000151.png","5","Malignant","2","5092","b68e9d289492b4c73a14243da519359cc8f27d1bf9f1d7cfc32cef80931249e4"
"152","malignant","reference_000152.png","5","Malignant","2","4599","461e1a09e956065a47b979c1182956da7bc67d7f9b025aa0fc0cc7645d68ed96"
"153","malignant","reference_000153.png","5","Malignant","2","6133","ac4bcf8f8a28dc43f8ac64645b40a85667cb0db120d7a66e48fad1aa2c4a9024"
"154","malignant","reference_000154.png","5","Malignant","2","5429","af805f0deae27b3faf856e8c19adc7f200e4db0b0b14af342396610f82800b92"
"155","malignant","reference_000155.png","5","Malignant","2","5976","e4e39f8a4de66f1e2b505f1079d08908b3c954e6602e6c7afd5ab723fac471ed"
"156","malignant","reference_000156.png","5","Malignant","2","3865","fac19d897e7774a60db0830d4d5506c2c068481b0d5a2110aa25326b7fc612c2"
"157","malignant","reference_000157.png","5","Malignant","2","3168","d7abebb02a251f63a8df05ec50b466d9e3ad2728680f9ef4b0f7e3958368313e"
"158","malignant","reference_000158.png","5","Malignant","2","4394","4e82bf50166ce0a2481589bfea722b1f72be1de9d2c430fd50990042e3da3cf8"
"159","malignant","reference_000159.png","5","Malignant","2","4895","c732fa1446c9f904974bc6dba0cc60346fd893576006351a14f41a5f95d3de32"
"160","malignant","reference_000160.png","5","Malignant","2","4695","8680f9c8e6804ddc94945e6ccf1fdab5cbee36561f1a0865c97abf7f4ac6bd14"
"161","malignant","reference_000161.png","5","Malignant","2","7294","170c40f03551c598f742e6b8e848e24c2447cc7242a2d2b738e2577b4f024b2d"
"162","malignant","reference_000162.png","5","Malignant","2","4951","b715327c6f5e993d09576c1231ec84ba56a595d190de2e7ea072cb25efcfdc49"
"163","malignant","reference_000163.png","5","Malignant","2","3775","44f9981a25053866d6ba4807bb91c45b10cd04e60b535cf23acb5e83dfce3d60"
"164","malignant","reference_000164.png","5","Malignant","2","4477","011cef1b58fec1e0898c854fbdddb2ee758029390d3054ae3480ab6aa878cfb4"
"165","malignant","reference_000165.png","5","Malignant","2","3716","ce70a34ba97c7347e54f8e0b13b0771d4de5a590e5ab067608197e980a97c2fd"
"166","malignant","reference_000166.png","5","Malignant","2","6128","5199d45b71298146e6fb16e3430b8d49eb0811ef4196fe56e866ff1b46a50543"
"167","malignant","reference_000167.png","5","Malignant","2","5049","8f87cf2cba83f88c71e75e63bd95999c6fc57afbe5901f05f978c9dc9e675944"
"168","malignant","reference_000168.png","5","Malignant","2","2656","849016ae519a77687d46a8574c9a5a2a78ab0e2acba9007164870f340ea9debd"
"169","malignant","reference_000169.png","5","Malignant","2","86984","088868d4e814d21e5932c28b52d2899532e6899908871a3686f84997b9590550"
"170","malignant","reference_000170.png","5","Malignant","2","57203","8bcab0d49656d599a9920fef492e3b5d5f51e0a2df675362eb7702c0e557eccb"
"171","malignant","reference_000171.png","5","Malignant","2","89002","c7250be9b163ef1573091ec98e50d9e0c32568dc42638465a4efe5f069467f14"
"172","malignant","reference_000172.png","5","Malignant","2","43054","2c1eb44f6ed6d0ff80b9d88c98c67aec496602e0b9e2036ae81050e42895b8dc"
"173","malignant","reference_000173.png","5","Malignant","2","122906","9428468c2969e5b6dc9e836e63c0dd3e343e1bed9783ada6131b6bcc243a1feb"
"174","malignant","reference_000174.png","5","Malignant","2","56406","4ac4b472bfd23e397c8a0f00ffb4bf4709a50ecd3e57960d21c156f1e45c7231"
"175","malignant","reference_000175.png","5","Malignant","2","120059","c7ef96816228d4365b6c115017e3cd20369c25ebab374ad42bfc6a5345b34498"
"176","malignant","reference_000176.png","5","Malignant","2","78322","53806e60fc3451d07b188b6869969ef649e67971ddb24b3229797dc04f33b3a4"
"177","malignant","reference_000177.png","5","Malignant","2","117789","c955cdb04236b70afa675aeaaa5c6b0869839d57a9a091a89e6f9dbd17389b6c"
"178","malignant","reference_000178.png","5","Malignant","2","105897","19a227a500ac23f155389b6ef85e9803890530d71b10ada9a4a80572eee14bc9"
"179","malignant","reference_000179.png","5","Malignant","2","81368","78d41933273d6689fa7b20330abd55a5291593dcbe8e83cf32fd068f0313a4e5"
"180","malignant","reference_000180.png","5","Malignant","2","117991","5906e0c95ee9117de902d6c151b5d56e77ae123d53c79ac55490ca74fafa0f11"
"181","malignant","reference_000181.png","5","Malignant","2","67085","3b980f6218eb6fa2d14fef1e45b0b672e8cfa4a313bf99c0c7274b6a64a9d507"
"182","malignant","reference_000182.png","5","Malignant","2","50533","ea8c42213f57715e242f205cbf81397a7c8f81a337b2fdb85fa569fe710fd0ec"
"183","malignant","reference_000183.png","5","Malignant","2","87109","477fe7ccd7bd8246148f3a08ae32090d7e316b0fe4b77c506fc003bd52719026"
"184","malignant","reference_000184.png","5","Malignant","2","14027","fb5b462b32799c4318920ae3c3e23ff76d40dee201ef29f5ca565052d9127b58"
"185","malignant","reference_000185.png","5","Malignant","2","18692","352e1936ef44a6a910199a82bc69ca23728a1208a5a0b38b3b640a18505ec864"
"186","malignant","reference_000186.png","5","Malignant","2","16905","4ae85b3eaf80870d04b39e71906a455a591a722c3509e86f7fd3a71208609b07"
"187","malignant","reference_000187.png","5","Malignant","2","11028","ae062b1749da65279f0f6c1acfe861366f61d1ba5ba275f46fce8981e071789a"
"188","malignant","reference_000188.png","5","Malignant","2","11960","6c36dd3bbf136972cd1f71af5d339ea3508dac93b1db27ba6acc51f166234d6f"
"189","malignant","reference_000189.png","5","Malignant","2","42633","78845287f33110da14249f3f61063eb3249430f872e11993c4d8853569df6f0b"
"190","malignant","reference_000190.png","5","Malignant","2","8876","b503e52e68997755889385909c85cffc7e016fbab5ac7f513de90f4cbb851600"
"191","malignant","reference_000191.png","5","Malignant","2","6343","67cf3d5bcefc3c0bcfbe509ad4a9fa0d7d367424f83a89f9d695a1b2458bed44"
"192","malignant","reference_000192.png","5","Malignant","2","4758","3c20bbab963f7025c1c92e1ad244c7e08fff0f8dcfe504bde4fecc7658bbd8b0"
"193","malignant","reference_000193.png","5","Malignant","2","7179","49bf459887ebe3a240209f358f33566a7f733ec0ac54c229a1574c92ccfe2c7e"
"194","malignant","reference_000194.png","5","Malignant","2","4777","038ed6ef61fc579cf41a51a70f72e04942511e488fca6cd3c2f6694f460aa19f"
"195","malignant","reference_000195.png","5","Malignant","2","4426","764d223d093f141add4f4909ba1c05b663bb0c62274f8d75de9a51c53445a6b7"
"196","malignant","reference_000196.png","5","Malignant","2","4587","632c8d48ebd9ad4f937105aee19059d2d10c77f5e369a279fd0bcd97cbd51a62"
"197","malignant","reference_000197.png","5","Malignant","2","5045","c62df471273a434fe3819686722c5b9d681d7fac3229f3644a2cbe9e2830c6e7"
"198","malignant","reference_000198.png","5","Malignant","2","5189","30cb215156aea32c5d2cd19bfe59981b280daed2c34f0a6c7465590e6bb657ce"
"199","malignant","reference_000199.png","5","Malignant","2","5298","171c5dc02cf5bef8ab88423b1b882b5bb99c06a3c782e7f744df7be1df9d6330"
"200","malignant","reference_000200.png","5","Malignant","2","6694","d6b9af8210ee82820808c08598090cedbb84ae03305072c2a933c8df7e044d15"
"201","malignant","reference_000201.png","5","Malignant","2","39674","e7f3fb7e11de1f801eda448d8fde9544c6b85bec32146ae5ed1c5ec9342737c5"
"202","malignant","reference_000202.png","5","Malignant","2","68828","b283aab5f67e7231e742b64700204f45ae0aa31203c0c988ac1c0998d82c6fa7"
"203","malignant","reference_000203.png","5","Malignant","2","52392","955791583e3f01cf35d22fb7eda200d1a438e67e4bc40f632078a7aea12491e5"
"204","malignant","reference_000204.png","5","Malignant","2","81061","b5d076ab3aa665e619dac6e133e6ca20e6d33efc52cf84c38e75bd10ec103476"
"205","malignant","reference_000205.png","5","Malignant","2","98110","292eb4c3d41caa2a1f6fa3a6bd5eabdc0b7edcc988749e6eabe702a86a0e032a"
"206","malignant","reference_000206.png","5","Malignant","2","44212","48ab044004eb302bc14cd89ff3711969b831938c9569461b379acf42ee366409"
"207","malignant","reference_000207.png","5","Malignant","2","73694","cb3d70d170625475b0837225b20330c6e7c41a2d0ae31b370d5c0858043fd412"
"208","malignant","reference_000208.png","5","Malignant","2","48225","2af9d1ab5e13e3f0e64560389e07fe179be8b2f5c43d3646bfe88ea4140c5c1b"
"209","malignant","reference_000209.png","5","Malignant","2","76138","50cb311c0fbe46a8cd9810a52760fe2009b175001995d837451e7a6ba77819cc"
"210","malignant","reference_000210.png","5","Malignant","2","50429","109a51524ce571e05e24fbd2d51a4bc4ec0a33fc0ffbf77c4759c34ae6cfddcf"
"211","malignant","reference_000211.png","5","Malignant","2","66475","1046cfd6278776a4f68e15f704954cf5557583242114182a4681dd73b4882048"
"212","malignant","reference_000212.png","5","Malignant","2","69541","dd222b2e89b2492ccce85a10252187d635ecced28f9898de5542ff4c4c280b2b"
"213","malignant","reference_000213.png","5","Malignant","2","60091","2a42701bc47446fd2ebd419701c4a52935939b71505c2435eddb4131016e77dd"
"214","malignant","reference_000214.png","5","Malignant","2","53748","9f9a0087333377e97963fd9dce652f0f64c41b9e920bf186c7bfeaceab77b960"
"215","malignant","reference_000215.png","5","Malignant","2","86785","15ede4db11b6f9b784885fcbd3ea4ab0fa464db0b4977c144230b50fa90659c6"
"216","malignant","reference_000216.png","5","Malignant","2","64334","cafb9dff0293e016e36ecdaf5f47ef56d05ef6ba9e3d6b11af3a23d389291010"
"217","malignant","reference_000217.png","5","Malignant","2","48059","fd4127cb97e0772aec2bc1dbab063930fa9aa102fa003008b6f18a14b83ee745"
"218","malignant","reference_000218.png","5","Malignant","2","87931","79da2844302b5c4b2c683645458d4721980c960ce01a9e97473d53c46824a06c"
"219","malignant","reference_000219.png","5","Malignant","2","76829","0a53506d5cd7047b7a58b2928fca82c17a73e30f458282723ac11ace43c4dea4"
"220","malignant","reference_000220.png","5","Malignant","2","44675","7afa32093dbb9f38cb70acbfad94e998c112d6b6b938803f77c1f76f472ff072"
"221","benign","reference_000221.png","4","Benign","5","28345","8950a640fa3553d330635d32f68e39322281b8a878a41ba9196837582fef6994"
"222","benign","reference_000222.png","4","Benign","5","30713","89a11e68354a512cfd5a199cf5d9c8d5f46518dff88421245986027a0417e144"
"223","benign","reference_000223.png","4","Benign","8","151572","04e2714b4f24adc4344a58e54b253aac9b3ce8b63f3258e55a15e20af64583ec"
"224","benign","reference_000224.png","4","Benign","5","38383","8d881d3992387c9cd2025a0281179e553f02ce025b9a993f79b27d9bddb88d55"
"225","benign","reference_000225.png","4","Benign","5","17954","956ffd93e9cb2e21e2e428af7fb69873fe871c84f4b55052b43a082862c0655d"
"226","benign","reference_000226.png","4","Benign","5","43135","b078d874f99093ab03dc6ef0d8f6e79b697fce00d84f85ae21550e81dd928557"
"227","benign","reference_000227.png","4","Benign","5","42440","473c2b242c3327da5f2d2e7e6061747c64d9a1a9544684addfb68118d42ee073"
"228","benign","reference_000228.png","4","Benign","5","24191","509ce4f41f8cde8671f81b889316398398e7ec9b5c93b2dab69c1967fd86308b"
"229","benign","reference_000229.png","4","Benign","5","20614","0b3262b65296a2b82f62eded0c76cfe0cccc3ec30d4b275241e697ad7bfa6795"
"230","benign","reference_000230.png","4","Benign","5","57901","7aee99ee8741e3e6d6c868f00282402a2bef47f59691075ac430d867f7002a27"
"231","benign","reference_000231.png","4","Benign","5","38547","343c5b37e2bf634fb3343ab07d5c938b7280ca763ee05e6874ab65b8f08eb96d"
"232","benign","reference_000232.png","4","Benign","5","34092","8f3b99e1ecc6d597e80fc6e208e18c08d2c410aee7c3ee2a4742bd9d1aa3dd7a"
"233","benign","reference_000233.png","4","Benign","8","50563","83e5747dcd84920b77b4ec25f59fb4f3cede401f62b41a331cca796bdcbe94f2"
"234","benign","reference_000234.png","4","Benign","4","49961","386caf683c99b68caa27194e80e5474fbdd94b84d883db6e6b557a77a521daf3"
"235","benign","reference_000235.png","4","Benign","5","39190","ef1434a7e8cdfbd83b5cd2c668a730aceeab9f3042c14207136fd721b4d04090"
"236","benign","reference_000236.png","4","Benign","5","40410","06f90c44a1e035771b51e263a9459ed406f37553359a2092e195f68af1639cd0"
"237","benign","reference_000237.png","4","Benign","5","47261","7a5837ebce20c44707d276865898b957e3b040b1a448601de6cc6a8001d002fc"
"238","benign","reference_000238.png","4","Benign","5","49536","5607854dad009a880f2b78f54ea913edbb3c562f0ea1456f05dc5cbf5cae184a"
"239","benign","reference_000239.png","4","Benign","5","32862","ad443e5643c5c9b943a67f0e4716b03c8ae3be000e43482cec4cb7d35417ddf3"
"240","benign","reference_000240.png","4","Benign","5","72644","736506c146341168f44611d4b1d7ad86a7f232d2e313aa7d4f4ef78320787af7"
"241","benign","reference_000241.png","4","Benign","8","179466","1dca5c0ecf8a1ad33434a9c016192c7034d326b909aeb56d2d02d8aa346f36c8"
"242","benign","reference_000242.png","4","Benign","5","28718","c4be7c2a3af5a0e41106abda8052c4315391a9f1434c1b43ff36117bc59767a2"
"243","benign","reference_000243.png","4","Benign","5","49885","2961f6dd7eb5f3b7e7755be48cbb7804c4a874f9169be0e450ee4ada57ea53f7"
"244","benign","reference_000244.png","4","Benign","4","63189","51f70ff67aa8f90fb20064323c0a20888b681160500f92b03b9d575c7e234f81"
"245","benign","reference_000245.png","4","Benign","5","15987","1a528176827c02ddd8ec32aee51feaf873d34d8301754ec9ea353efb7b40caf6"
"246","benign","reference_000246.png","4","Benign","8","241824","235d0c8b7492b31b4cb3f143959c3d10a8a6cabf5119249c32c5713fa2564869"
"247","benign","reference_000247.png","4","Benign","5","38077","a99e73fcf40af725ad640322bf09694b798951b52407c498c80386d94953c108"
"248","benign","reference_000248.png","4","Benign","8","100049","b5bec2aa61209a42b6bf72b8e16b3fa1278f6ff2a368c245e9cee042218a0ffb"
"249","benign","reference_000249.png","4","Benign","8","108869","844a804a0d2827220a6b284de14d32c42fde8bc04a47d5a9904e60ab6d211745"
"250","benign","reference_000250.png","4","Benign","8","262503","4ba0b98af67fcfeea556ad55dbd0e5076b99f9413b7e783e36574dce308be7a2"
"251","benign","reference_000251.png","4","Benign","5","25283","235b838eba1ae106239b47f840f981c76cba4e8e941d59ab5ade4477ba223a8c"
"252","benign","reference_000252.png","4","Benign","5","25441","131b4fefbb41c19ea5c4c982d3f23515b1650f644bf542dc39591c4295cd6f40"
"253","benign","reference_000253.png","4","Benign","8","119251","cbce5eee4056741bfb4e2ae30dbefdbc7102f128da5c558ddd5ca74a9666fef3"
"254","benign","reference_000254.png","4","Benign","9","15734","195c94c089688ef853bbb18063eb510c1f91414f46fd15a2d13b9982260ce387"
"255","benign","reference_000255.png","4","Benign","6","19988","2a8313e22ba070e03c03428bdf0be94003557f6ee6ad0052a327bc1315118299"
"256","benign","reference_000256.png","4","Benign","6","32251","be6c2606f142a3943fe3b48777a00dc5bae29202449bf5a31712c10101c50184"
"257","benign","reference_000257.png","4","Benign","6","28528","bfd4fdce73c2831139488581a763c87b01a8e3558778ae6e56e93d8231b37d1f"
"258","benign","reference_000258.png","4","Benign","6","26311","1c42c00bbce088c1226fc83399c5317d94f8b6fff47e69458153476ecf74e062"
"259","benign","reference_000259.png","4","Benign","9","8325","a32194d1cbbcbe4af7997e1e07ad3083146d74ac5a48a61cf1908806acdf2ac6"
"260","benign","reference_000260.png","4","Benign","9","13371","1ab36e4630470c1c3d7a5a97c294f52a32aabfe22240e4297094d76a09bc9bc6"
"261","benign","reference_000261.png","4","Benign","9","11907","bf888c255fdac142847dc814d93894157a64967c3e23a8cf6ce25624a072c721"
"262","benign","reference_000262.png","4","Benign","6","24611","db29104947738814595404111f9f921120e565941df79b771e30c396412ead53"
"263","benign","reference_000263.png","4","Benign","1","17913","7698d88f84c955a3dbb32c8ce1037981e795d742cfc9f51e4fb80ce5e9a2c01b"
"264","benign","reference_000264.png","4","Benign","6","27467","b1c6c24d6df64d09eac1b7224e675e89ac0c34306877b880eac207e744111a13"
"265","benign","reference_000265.png","4","Benign","9","13549","7545cfd86d6aa58646381c7ecee8b6b61a1ad2dfcc50a4a5b844f6081c663517"
"266","benign","reference_000266.png","4","Benign","4","29897","8fdd18dc8257d5bf60fde83839e6824a8c0e355fd3c23834622c0a9bc42f91d9"
"267","benign","reference_000267.png","4","Benign","9","5817","57a29fa967ab3cf2efb9d4a3a8c9a7ac219df1046b6df7cca2e364e279e2dd53"
"268","benign","reference_000268.png","4","Benign","9","7216","b8fe1b3b843d45c3c4923e48c5149144b25b6a0b6256014764ddd56ddca33858"
"269","benign","reference_000269.png","4","Benign","9","8978","f7453788d7d839f39ace2fcd33a832636c31bc3aa4dda700fa71d11a67ebdb18"
"270","benign","reference_000270.png","4","Benign","9","7975","7a8c81cacf1f919b0fcfc348bb9dd3e52077aee21041a6beb8319cb776ccc9cf"
"271","benign","reference_000271.png","4","Benign","9","11436","11467fefa468363e1ac3ac52cdce7278a596ff3f9fb871bbd40ae9bfe8ed561f"
"272","benign","reference_000272.png","4","Benign","1","18430","901ce57c0c6ec5792fa97fbc2aa61d38532c0c0585d64970434e8e7a53c3b115"
"273","benign","reference_000273.png","4","Benign","9","8603","542f42a12942f3836e8913d97e647f5f766fdab848dc2ec215bfdc4c6922638d"
"274","benign","reference_000274.png","4","Benign","1","10238","70fb7f0b4aefb12b34d62499c9824d11320af94271640ea4261130c60af2d718"
"275","benign","reference_000275.png","4","Benign","9","8678","c40fc1fc66c2754dba91848edeb83e483c72c40cba1c3c7de31546621748d3b5"
"276","benign","reference_000276.png","4","Benign","9","7962","743187391f483e1021e507c8a0260fea0141d12955f3e5cd6a8da6d410b6f8f9"
"277","benign","reference_000277.png","4","Benign","9","45067","110505dd559d960df4e0e4ced2c0d78f80cdee769758eb855b1ac210a03b6732"
"278","benign","reference_000278.png","4","Benign","9","18116","4d3cc697beb4de5ee5bd63bd22adf2b977767222336156de0fa93f4169a0a0c6"
"279","benign","reference_000279.png","4","Benign","9","18183","f1dfb20987dd60e991c04c43542565b203037d3ddbae07d0904ba8aa4823831f"
"280","benign","reference_000280.png","4","Benign","9","9484","acfa47db94962c1c724d7bf8d3102ab049b32ac554de686d4ac0c783b19b51be"
"281","benign","reference_000281.png","4","Benign","9","17197","de550d30edbded945b1a83b6317ab7991a87f5224b9e0f68387b35871bdf2f57"
"282","benign","reference_000282.png","4","Benign","7","21763","efeab3f295047abc0aa22179946a392c33a76e49202c8f50e9e80916182dd872"
"283","benign","reference_000283.png","4","Benign","9","14059","5b3e823b86d730879fed72326cca0d79fb727834ae18abb99444e1506a2bfeab"
"284","benign","reference_000284.png","4","Benign","9","14558","d4a58bcc0e60477b67d15605ccd96157e8cb9b6682e3c49449591c73e01f36e2"
"285","benign","reference_000285.png","4","Benign","9","8603","db515a4ca7abff469fb06ef588f40b99492acc692a3f4f5fac93cebed50105a4"
"286","benign","reference_000286.png","4","Benign","6","30567","b1a23d588861c1ef22f323f8d007ee7982c1088800f8983a90f0cb3cebdde267"
"287","benign","reference_000287.png","4","Benign","6","27282","9feacb070afec2ab7cd227f84b97c0faaf7fbcd1745d73296408b7340efd8f46"
"288","benign","reference_000288.png","4","Benign","6","19011","e63b579b4c8a4c899bfeb01ad789106cf2fc49dd19091f57cb7344b7ff5f91ba"
"289","benign","reference_000289.png","4","Benign","6","37937","00ff9d718e2329823d444545158a53f7ebb1183f379446be8aa6d74ea18ed26c"
"290","benign","reference_000290.png","4","Benign","6","20812","f55c22352e110571cbd0ecb9252be8b9d532f734ec7ea18ee75f92044c47247b"
"291","benign","reference_000291.png","4","Benign","9","19119","9332f23f57b1126a1d1903b4730d629723294e5ba583c519215ba3ae7efe454c"
"292","benign","reference_000292.png","4","Benign","1","20221","b997ac813418621109479381540c53df5d7c0b3e15d710ad261ae21e1ef863fb"
"293","benign","reference_000293.png","4","Benign","9","24946","b772a907107251ad3bc6dc950c238c1c125e1f80596b2e111ceb132d7516ac1c"
"294","benign","reference_000294.png","4","Benign","6","21456","1302341a7bf585664b2120b3c2f3ac6b68a1ddef0bb83f0c1b896f80d3553e51"
"295","benign","reference_000295.png","4","Benign","6","24838","d56573d14fb2cdc1389bde2b9db6891f1619492b0b5b5a873c53b536cce0d625"
"296","benign","reference_000296.png","4","Benign","6","27754","8d692d2417128c1cd6699874b1f402496c1f84b8509434aa1d68acaefb3465c2"
"297","benign","reference_000297.png","4","Benign","1","31264","6b7733c955d035cc81f89864d34bb440d25c1ec6cda5151bcc7140658c0dfeb4"
"298","benign","reference_000298.png","4","Benign","1","11923","d51a58cb1cd25ee15c89a37394c912e6e4a7215c77bfc1416178b4b52803d528"
"299","benign","reference_000299.png","4","Benign","1","21995","a06fe15f948f8c229c8175ec83cfbcff194c4d13ae38b196a305dc48552497dd"
"300","benign","reference_000300.png","4","Benign","1","21276","486cefc4f99cd0cc75bc7a85a9ef8bcb718188e387b4f8cd36e7f0161fd47e93"
"301","benign","reference_000301.png","4","Benign","6","33054","5e4815d34a2fe2318ff82d07f3e07a1c5ba09d7c1c46a14151e2c6a16375657f"
"302","benign","reference_000302.png","4","Benign","1","24257","69daedff6a0b4cd387785514661b4426095804fa8e00caa0ea8e6bbfd872982d"
"303","benign","reference_000303.png","4","Benign","1","24091","e2f835133d6725ebc869e691bc66d092964878aa6b3c179d4244b9a1a537044c"
"304","benign","reference_000304.png","4","Benign","1","15670","ca8b1db5f332e66ad009ba71de268920072355bcfda6e3b58d96c30ccd8e7862"
"305","benign","reference_000305.png","4","Benign","1","27191","1cec988fd68f5a93c9a276de49341275238f3cd1758f25459fd359d82e4cc37e"
"306","benign","reference_000306.png","4","Benign","1","28806","31676c003a3e24f27f6605dcaadb83061f70cc92094c122a3e193592d2a5d4d7"
"307","benign","reference_000307.png","4","Benign","9","24517","71717679f977e261c63bf16305f8580403bc0e766562e804e8f4c9cd5b0abdce"
"308","benign","reference_000308.png","4","Benign","4","21893","c60b63251c10ebfee8fa816a0c0d0ee30b4f0d92cf0c1f32292eef79d4b5e423"
"309","benign","reference_000309.png","4","Benign","1","30132","7a3239746fd52809af684ff4ee51f5db4c6fe6442c372974f9faf2c98a7a471a"
"310","benign","reference_000310.png","4","Benign","1","21251","1ecdef8330705103f16e5a3d3ca75153456f6f1689ff032d2b3bc98af47f70cb"
"311","benign","reference_000311.png","4","Benign","9","11152","c44aa64ce69ae8970f93f8711599345762c4df318bcb72effdb6c4ec155e0db2"
"312","benign","reference_000312.png","4","Benign","1","21159","28e24a367470c996818fcfc8591fc674a6aa997e6dda04629421270d4155f3fa"
"313","benign","reference_000313.png","4","Benign","1","21478","8ae85c5c345205d880c8d82773a4f58fb6bca0f17f36461daa227a2e93bc3808"
"314","benign","reference_000314.png","4","Benign","1","11268","b5ccc6d84f877fca7c65dc1bf083e965d6e395feb49fee3c5336d55278c6b386"
"315","benign","reference_000315.png","4","Benign","9","13650","fc98875632fea2efa75f8575b6dd4b1d92f6b4d682f577601a506a67cb01c3d8"
"316","benign","reference_000316.png","4","Benign","1","25604","71029ad93130bd8acebd475b1871719d3161b0482c90fbbce78a9de3a56cd77b"
"317","benign","reference_000317.png","4","Benign","7","58633","91f108a2ddeceedc61f78a42e466d694266640f29a52a085a0ed590af750e4bc"
"318","benign","reference_000318.png","4","Benign","1","21252","cb992997fd799282311316c8770b5a4422a911fe83a85e40f3639b1dc7e10726"
"319","benign","reference_000319.png","4","Benign","6","16166","866d37bb51fbafc648de4e3176e0d4040ff399fa6b63fe5210f7343a44e47fe9"
"320","benign","reference_000320.png","4","Benign","6","30070","0c71e7c974fee5a62c000196c8051172e14588911e68aaf44821b198d74958cb"
"321","benign","reference_000321.png","4","Benign","1","23111","dc60e7879ea54855adc7d9e3e4f9ee1d224ab2581e2c1153f84f2cc2a97c8b93"
"322","benign","reference_000322.png","4","Benign","1","32674","19f9a0d5a1e59831552352bb9cbb1b0e4f66e92cc936fda6218230f7c5526698"
"323","benign","reference_000323.png","4","Benign","7","121306","8fc65e2c4c3a412d97af95d44e49fdc5dc0c0646ea8fe4dec509edadbe5d9065"
"324","benign","reference_000324.png","4","Benign","7","91278","2bda6eb1373e6391d9e4b04ff37bf298b5dc261077d11239a5904b270f985ed6"
"325","benign","reference_000325.png","4","Benign","7","78878","9cb1841ac7823f329483ce8d21aa087e76afb76dccd68bc2eb4286933283d164"
"326","benign","reference_000326.png","4","Benign","1","16023","48f0ce63f4d7f3e9522158d899e8508439a4e479caf353a94b50023ff0ef8b4f"
"327","benign","reference_000327.png","4","Benign","7","81034","09213697e6f37be29680780fe9a8b12ae76792f56fb949bedc2d98af6fa9880b"
"328","benign","reference_000328.png","4","Benign","1","42298","23329c0ad7aee7ca70b7b1a5bc30201a6010a94b8d50f0a6a131ecd915b0459c"
"329","benign","reference_000329.png","4","Benign","1","24605","96f8a4731ca619a461837ae3e9294e2a17ee3e73adf9cd5ccef873a23086fc55"
"330","benign","reference_000330.png","4","Benign","7","85113","34317b40dbd460f62ba9e43e711e12537d5e6ad99c94a4e05acdc2911d852097"
"331","benign","reference_000331.png","4","Benign","7","47171","6e713503ceeb3391f574c9b783c672e549c5a20f5419a2ecbd0ff3e4381fd1ae"
"332","benign","reference_000332.png","4","Benign","9","19973","6ab15aff0c87c7f585b84a9eca89d3c273c690d5d03eb2ea67e2b2d2007e8916"
"333","benign","reference_000333.png","4","Benign","1","23062","8c480dbe60e38735d08a41c168f1488a9588d7c38289082c8866870c055ebdb3"
"334","benign","reference_000334.png","4","Benign","1","26241","33a8c83481534c525cd625a969906986a8f88f92a74ff9ee05c71cc299dc1220"
"335","benign","reference_000335.png","4","Benign","1","18437","7972099b6f041f679258494a59353a426c59899f72a04fb15e024d30fb543c7c"
"336","benign","reference_000336.png","4","Benign","7","51739","25b196a8672d728ed26590b800336b9f539441a07c2e29c9cc31fcfb80415971"
"337","benign","reference_000337.png","4","Benign","9","15579","61e8ee057e237d6453384228a207e6769bb8dee66f91c29dfd7416970c7b582c"
"338","benign","reference_000338.png","4","Benign","9","18929","f0310711c5049cf44744aff101133e8fe065591934d42a252715bdfdbd28de9e"
"339","benign","reference_000339.png","4","Benign","1","47614","871231a2c9dbdbfe50826829cfb82278c23206ab85c44bb1db1f9f85f3c03337"
"340","benign","reference_000340.png","4","Benign","7","58256","9f87d428a8ee0f5474a55a9c8c868dc1035ab0f280b172cda194f26cefab7b7b"
"341","benign","reference_000341.png","4","Benign","1","24604","36b5ebaa3b4a2559bf7ebc6103abde367c5fab46fa7a0060950bb7c4325b7624"
"342","benign","reference_000342.png","4","Benign","7","60420","d85bec94e488b5cbd77f805c70daaf448421cfa83eb20a03f5f459624c41260e"
"343","benign","reference_000343.png","4","Benign","9","17090","ca5c2747d0213d0df8c6eb0552306efccfe3957cc90f664aa4bbbb6abf640f4a"
"344","benign","reference_000344.png","4","Benign","9","31444","7c6b9271808c5b8bc8dd3368c78ddfc857f763319f1f486fd201ef2517a9c7aa"
"345","benign","reference_000345.png","4","Benign","7","43920","729d90ca2b3a2bdf30049bb1f8526079ee535a05da93359acb7021303bc3405d"
"346","benign","reference_000346.png","4","Benign","9","15442","1c04c02c7dc940ea353e4add58bb20c6e11bbd7a551e71bd484af1f7e7802a95"
"347","benign","reference_000347.png","4","Benign","7","63213","42080a6598c029cb861c337b7d4637d1e606237056a65ae8c8816e8279a29883"
"348","benign","reference_000348.png","4","Benign","1","33859","a64958b5965b213230fff75a93d53ec13522a222ab2b36a10f520f9e98565dc7"
"349","benign","reference_000349.png","4","Benign","1","24152","20a382babee2504d43f66e996270a1c56c202e80c9f3002581862ad7572723a9"
"350","benign","reference_000350.png","4","Benign","7","78045","6f38f4232d6d73e05a081f8711543efcc2fff8cdc61e3153cc70d69017a628ad"
"351","benign","reference_000351.png","4","Benign","1","39105","2a1579451dd93a89b3b1fed03d9ddd0305b62a516006b7b1640ad7e1094e1e8f"
"352","benign","reference_000352.png","4","Benign","6","36763","bfcddd56da1ea08fd0f663f0c96a5b7a6ddec5bc1314f55d4f9de49568edfcf8"
"353","benign","reference_000353.png","4","Benign","7","46318","86dbdab0871e20052a9875c73f45855762c0b006d681d18c08178dfb27292858"
"354","benign","reference_000354.png","4","Benign","1","32965","a953a63ed1ebcbb550d1554296622cc42a93c162adbdc18ce5d9de5f645c8ff3"
"355","benign","reference_000355.png","4","Benign","6","26640","666ced3f1a9f02f38065338c30840a583ef1c0b4ebd925b0a27b2ed955b9ff6c"
"356","benign","reference_000356.png","4","Benign","1","36514","131649dbec38bf643cf8b1882361ae8029af6cf820ebcb66155b08e1be1c92cc"
"357","benign","reference_000357.png","4","Benign","6","25120","77152dfdcf19d10879de14796ed51295563d77068efbe3c4028435ef4e21a728"
"358","benign","reference_000358.png","4","Benign","1","33610","14c807173aa61f4b25ae06d7fc3807490d9c6abc06d7606fbcba07458a9023ab"
"359","benign","reference_000359.png","4","Benign","4","52878","bbfcd5b2a7fd022e56b3acb5723d39c3e9f2f73a9762cb8c8b051e2fa943de65"
"360","benign","reference_000360.png","4","Benign","9","47754","9c655486a49a0cd73ac176baedb91760879508bbe0148708ff6f4a70e4a8fae7"
"361","benign","reference_000361.png","4","Benign","7","52316","5e519f785acbf372f106607588c1fe644752f74e26714407e6d7d49a28a5e545"
"362","benign","reference_000362.png","4","Benign","1","40994","393acb1cc6598ab4fe56593a6120a9c24156ae2f348cd4bd7ff1607a50d61414"
"363","benign","reference_000363.png","4","Benign","1","20024","493c836b2695a9413fe8e77d8e8af1b0a30f0c534f4e2826505d09bcc41dc10f"
"364","benign","reference_000364.png","4","Benign","1","69524","970035e29f99756aa069f2d2b06be8852221de5a2d9e838345b623425ea87630"
"365","benign","reference_000365.png","4","Benign","9","27666","1bd0608f138147ee548a14128ccc169c4532297d14d9f0105ac87499a8aec941"
"366","benign","reference_000366.png","4","Benign","7","68181","65d6c204f21c4c0e968d04e560d91ac695f0242bb0945d1ee28490e4298c070b"
"367","benign","reference_000367.png","4","Benign","7","97456","eb3f7dccaaae62e926bafbce0be615e62a69c4b3becd2863c432bab39661531b"
"368","benign","reference_000368.png","4","Benign","9","14152","52f8ce2520be83f6135049746c7e49e86eee794f11d11e56472e436eb76005eb"
"369","benign","reference_000369.png","4","Benign","7","79907","998ff18d748636038701acc8a703dbda65148da2791d69d32bfa549b22d461ef"
"370","benign","reference_000370.png","4","Benign","7","43921","0bed6b7d2fe87ea55b9f60d601f794447d486aba9aa4262f2f0c595dc0e125d9"
"371","benign","reference_000371.png","4","Benign","6","34529","0f84ef4c1ee7316c85703fb1c89b679a5245dbe2cf81ca9bf1d10a2fa5a6a177"
"372","benign","reference_000372.png","4","Benign","9","15715","0b279238838a1a75ba9aa0bf57016ac83bef7806907b3757c10729b848510f08"
"373","benign","reference_000373.png","4","Benign","7","46229","a9205ffd321cb1c84dab1aab02b9de7131e38b55f6bc0156c1cb3c991991d217"
"374","benign","reference_000374.png","4","Benign","1","19523","26bea179db7e2458761b40ed7449e61b36a24e48adf8b0af90478ed57073adab"
"375","benign","reference_000375.png","4","Benign","1","29537","7de2f9ce8dc0244a4ab98804f8a103274f4663cde5ee29d0aef8c51a0524aa2a"
"376","benign","reference_000376.png","4","Benign","3","10732","9e534f600b8cad3a2382e405452bb65a9803827e3aaf291037eaf504aa60d23b"
"377","benign","reference_000377.png","4","Benign","7","59652","1a15eeee152f569fbc7400bf22e652c3de5c6da354259369aaa5366554cd6a08"
"378","benign","reference_000378.png","4","Benign","1","35178","5c3769e5e9c1c46dbe3f1d6302d3bcef248038a3b1e4f7c59694c6d67aebd9d8"
"379","benign","reference_000379.png","4","Benign","9","10608","2d22ec9b1ab95edd2daee03adaf39555cb4ad7559e9604ea7e539102e415a54a"
"380","benign","reference_000380.png","4","Benign","7","41205","fcf3aa1a2b296e27bf2a63892867323d27c5c4fba36e2920f866e6af9b3f8d31"
"381","benign","reference_000381.png","4","Benign","9","45541","73b2dd0a727761cf69f1b7722f013da9b3026311488c2091f35175de83443568"
"382","benign","reference_000382.png","4","Benign","6","37219","314ba962e923d0badfca193483a967c784de9941213f5e11a975bac4fb0c89be"
"383","benign","reference_000383.png","4","Benign","7","54996","7d6d9a9bb1d532b5946bf70f5a5b6c3fb97ae9407c5cceaa495ff5602fd94d2c"
"384","benign","reference_000384.png","4","Benign","7","60326","8d2f69d47865bb010ed116c11db58d76f229659a60c469ecbe6c1960896b4669"
"385","benign","reference_000385.png","4","Benign","1","23294","0cd1dc6467df261fdeb1e524cedaaed429ff1c8ec1452db21c723f463be9a9d7"
"386","benign","reference_000386.png","4","Benign","7","46991","505086f3741a6c04bdd1358a2b181972ceebabe82aac642ef4ef1baf6fa283cf"
"387","benign","reference_000387.png","4","Benign","6","42594","8f27dade68ee06a3cc48e18311c0a5904493366ce438703c9972082619a911fc"
"388","benign","reference_000388.png","4","Benign","1","20820","c8c436aee7322d4fd71b3c825b1e8d6e756bcfef09d78473bcf8edd6b53b36b2"
"389","benign","reference_000389.png","4","Benign","1","20066","c076e5ca3b81579385629c4f3f56d772069642945728cc7baaa46bc65a10c418"
"390","benign","reference_000390.png","4","Benign","1","19289","e540d4d4607edc6ca1d9d487c2787ea93f5b5290b786561a775913021b0011ca"
"391","benign","reference_000391.png","4","Benign","7","97431","6801e1551d144d3dedfca585fe52b60a36b1deda86c5e64d0b0da99e3e5fca8c"
"392","benign","reference_000392.png","4","Benign","7","65857","782237d42018a914900f246540108c25cbaf205be1f554dc25fc1cb440356d85"
"393","benign","reference_000393.png","4","Benign","1","20665","f12597b58221172554f902932917565053a90f67ff2574347a149019eed17a31"
"394","benign","reference_000394.png","4","Benign","7","53857","425072296bdaf1ee1014fe718dbf855ff7285aa2d780f2a8d7c097f8a66bb36a"
"395","benign","reference_000395.png","4","Benign","1","16554","c9b94c523dae6b35052be17140f68dc0a69dd23fadd7c8860453b25383fb3af0"
"396","benign","reference_000396.png","4","Benign","7","74730","0853f8e0cac1df9a2ac488cf30b144396d9328499c92a26fbd814538d2474977"
"397","benign","reference_000397.png","4","Benign","6","42654","9a100efe2d6b370fa0618e2520fc6519ff1284e3d24a42c3d0f75d4c835db50c"
"398","benign","reference_000398.png","4","Benign","1","52385","8cf8bfba47833044b05abeef9497e0bfb937c0a26b4577f9a06423bde824c305"
"399","benign","reference_000399.png","4","Benign","7","59915","d36aebad4e3314899a430557719d32b3ed34717ca0a09b07a916af5c9a1838b0"
"400","benign","reference_000400.png","4","Benign","1","36493","f8a29a19afee432a900e22276a62083cd19fff297ef3dde454dbfcedf43b932f"
"401","benign","reference_000401.png","4","Benign","1","22612","27159cb5e3b20a829997daf15b144c8d8e00f54cf865421009f52776073f22fb"
"402","benign","reference_000402.png","4","Benign","7","86921","642d606a6e256ca3aaa531b674f7664ab7d15366374f4e6b166894e6ca5b8179"
"403","benign","reference_000403.png","4","Benign","7","56875","6a56e9e282bec82ed69b546501492671e2a676f5a4cf5e367b47a6659d9b81b7"
"404","benign","reference_000404.png","4","Benign","9","14507","bd6529417262a294d050535c8a65bc0d99a71f1830cb65bf7c566d80f8f827c7"
"405","benign","reference_000405.png","4","Benign","6","21668","4da982e2a3d3202d9a1516e3a84a4817c4f8c1cda3e468bf4eed5d5403fcc5de"
"406","benign","reference_000406.png","4","Benign","7","73828","8b54750ea97083592c70d5d19d01a777579dec97a2ab08e431e21c542b05be2b"
"407","benign","reference_000407.png","4","Benign","9","26266","9b686913a4e325e3fd051e40dfa6d199523a2e1722ecfb4ec532133e91a4f865"
"408","benign","reference_000408.png","4","Benign","1","28486","392b6650a8fdc24e0054ec73672303c4ba8be1da16eb9644300f0a2928858a70"
"409","benign","reference_000409.png","4","Benign","7","47849","898b6dd4cb4198b67a128f315cd0f8e689a0ae83d1ea5de1e452ebbdecc846a0"
"410","benign","reference_000410.png","4","Benign","1","55136","f3c250d1c7eb3d6289872d697e853f959674cdb065a5533c2f8458a5f3b36ff1"
"411","benign","reference_000411.png","4","Benign","7","47686","cdae3d7add99c726b9b65a353a4da521da34007b190c4070a08d7d123eef3a94"
"412","benign","reference_000412.png","4","Benign","7","126921","9acfec7ace272032f966e4b4aa721885ee1e05ac9091784f8c8490580391423c"
"413","benign","reference_000413.png","4","Benign","7","51962","fb763875ec028d522b79e4dfcd4d26c1a361503b4241e3a1fb6d9e55c0086453"
"414","benign","reference_000414.png","4","Benign","1","40968","eaeac5402eb9bde2b8ef3764aea3dbdfb4c66dbb4d33a7a3e254c6cf621205d5"
"415","benign","reference_000415.png","4","Benign","6","24461","e03cb4ef3ca71fe71aa43a4e307726ae36564d9f25694dcd7bc9b1e72ffcaa03"
"416","benign","reference_000416.png","4","Benign","1","41059","488bc81e663477adb78703d2678ab6f605f4128ed076c40e60a59d0f63432e21"
"417","benign","reference_000417.png","4","Benign","6","28429","bb842e3bbfc75a6bb1f4e6a2b20601237bd1297f7a05049c153d8169b37309a8"
"418","benign","reference_000418.png","4","Benign","7","66449","165bfa64ce67321a5c4f8403f6c0c3dd02663c7ad5e71eec9634a127aacba4d3"
"419","benign","reference_000419.png","4","Benign","1","28151","5b3b50c74846f4d690e769f27dc93ca50f7620049862b68f7b9a7044a726cd5d"
"420","benign","reference_000420.png","4","Benign","7","69644","41ff3a244fe7588a40bcf0ae5f26709ade25b12ff45cc400a7fa943f0668d352"
"421","benign","reference_000421.png","4","Benign","7","63784","e7fdd8ca2eb83d58236d098e92ba6e9e7d6f29031bfea9e36404425d640f0511"
"422","benign","reference_000422.png","4","Benign","7","53527","36d1f8e9ac6369284dee5c0fbac76dc5d63270c7f0d2f8b383382b23dc0e2ae0"
"423","benign","reference_000423.png","4","Benign","6","30617","dec10601747ffa00df0eb172e970bb494937601626d239275f70b59a1179ac89"
"424","benign","reference_000424.png","4","Benign","6","37410","e2f29a2cfa31f0587c76a18432dcfb3292b4a7e39accf03da0081ba3a9b0482e"
"425","benign","reference_000425.png","4","Benign","6","27137","d6c9d56299d79c7e9c1b3fb50b8a3ab9c4e4c3664ae492a8c6b10f1d6cd7268c"
"426","benign","reference_000426.png","4","Benign","6","30560","43d94839fc7d04d5ffb37cabc6c19c2ee3488ae4918274581291604f7de510e4"
"427","benign","reference_000427.png","4","Benign","7","56366","49d67a3b41962db10c472b955f8e0bac0e7268c1c797f109cdcd322a03fca14e"
"428","benign","reference_000428.png","4","Benign","6","40256","7442dc877a34831026ba352ed1ef853b140e2988c3c2e3800ab6c29a2baacd15"
"429","benign","reference_000429.png","4","Benign","4","25763","7263009668b36d5dc1489b772eb31170e353716ecb32b4352d749f6662e66d34"
"430","benign","reference_000430.png","4","Benign","6","18203","580e15db756700be59cf2a726c58fdf0713412fac5f3913d92c7b592f2c373cc"
"431","benign","reference_000431.png","4","Benign","7","65131","053391fc9293803d9d93a3ec8748ff94934cc9c02fe999811640334db7c19d30"
"432","benign","reference_000432.png","4","Benign","6","27207","ad50883cf4a304a50a04c616a5f079a95557444a1da7121c316002f3520b68f6"
"433","benign","reference_000433.png","4","Benign","6","25108","fe5c794b0f2242516d6f7fdef157c9a79cc81c6df56d1cc0de369bc4bdb12f17"
"434","benign","reference_000434.png","4","Benign","7","60901","3e6bc8ea277385fe2849b5b305a4163b070e301ee90b2807256873ab4dbf7b44"
"435","benign","reference_000435.png","4","Benign","1","27681","ee9e3790a084b7ec02746e93c24a23db94b436553c57f0252cf14ccd81ed1915"
"436","benign","reference_000436.png","4","Benign","1","23413","35a8be3a509759abcbe078a85e6f6ceb5559129586a45ac0715b82d1a50745c5"
"437","benign","reference_000437.png","4","Benign","7","57227","27331987ea6b2b72fc5d5984f0da6241a9031ed9d008ba437d8e3488acc998dd"
"438","benign","reference_000438.png","4","Benign","6","33735","763e4b8b9876de6abb217259fc4fd1159d7b9a3aa49f81bddf38115374c78056"
"439","benign","reference_000439.png","4","Benign","6","40539","a559b13734311525f4d42129596a2dd7a84530db531c739f00e47a9cedb9ccdc"
"440","benign","reference_000440.png","4","Benign","6","37478","9bc871983e76fd2eb58e44f2ccbce373cf974d4369dd4d7ab823317de37efd31"
"441","benign","reference_000441.png","4","Benign","7","55017","4521c7496ac3f714cd270cea6a548ea7193ab743b5f90926773be9101e2eedc4"
"442","benign","reference_000442.png","4","Benign","6","26189","0179b781c3950d430cc72706636651598b9a00e84966a0ca9cb651b83c7eb291"
"443","benign","reference_000443.png","4","Benign","1","48234","f102dcdb5d648d1d585f8c8dffc40ae705af70b5ad57123ab6ca771f8a99da7a"
"444","benign","reference_000444.png","4","Benign","7","69202","54169e9fbaaf495b87ebeb56216a070acd0d37550bdc633806d36177c815998c"
"445","benign","reference_000445.png","4","Benign","7","56276","e818e3890dc9969889705538e5e832292e35a4062692b00676320c3818bdc1ec"
"446","benign","reference_000446.png","4","Benign","4","34843","f766a6a972f830e3adcbc4c29326a514e36ea363181c2d6adccef050229835bf"
"447","benign","reference_000447.png","4","Benign","7","126728","5755c261c06e6f602128f2b62b3689b62c75c9323d0b077ebfe5333974687738"
"448","benign","reference_000448.png","4","Benign","1","24613","a21a3c19abb97d6ea895216ab9f83884b9cb2ffa407d4fb8bcae9de5b6770e05"
"449","benign","reference_000449.png","4","Benign","1","26487","63bd6c144f118d2ce537683d22ee9db443256ffdf04e6d539e09a8f5387e7b35"
"450","benign","reference_000450.png","4","Benign","1","19383","b29390347991d35e6eae5bd47dfbb9f4175b32c6d971c33f4d0b52b1769c63bb"
"451","benign","reference_000451.png","4","Benign","1","41521","a13eed40d5c6619c570e162d347067e5c4511f962fe9e02dc63b565f0701c463"
"452","benign","reference_000452.png","4","Benign","6","33370","2cfa933460330c05262bbcb220255027ac3ece00054ca05d826886ab29de7f34"
"453","benign","reference_000453.png","4","Benign","6","22958","9fc2a2e96124cd843338a45b036d7b37e0e51491f25c89b4041ed82531040ed9"
"454","benign","reference_000454.png","4","Benign","6","29623","e635d0a6bf62a4c16193a395467e10771fc6be9881463ad0e9a6205d02354e8d"
"455","benign","reference_000455.png","4","Benign","7","50183","ce219dd7d055e2e28b9ede7f189d5e0ce625d3c66e1f06d2171a6bf634c8eebd"
"456","benign","reference_000456.png","4","Benign","7","54111","4c96c5c48b7dcdb6bb6d7faa6140f7f3ef5f7ee71a9a34c73bb9dde49bdac4b5"
"457","benign","reference_000457.png","4","Benign","7","82163","75a23383d037cffd4bb39fcaf80db501ec391ad785fb2dc6e1cfee8f058d73cf"
"458","benign","reference_000458.png","4","Benign","1","50719","4df69bbdb1428df784b5673c5aaf012ec53a2e1f4fd122b2da1d7edb7337cba2"
"459","benign","reference_000459.png","4","Benign","7","63080","9f8adddf5987871da69181fdabbddaa9c3b756243cf366e73003b42a75d46dbf"
"460","benign","reference_000460.png","4","Benign","9","30173","fba96c2a94970b747ae13f216f268150f3bb7bffaa0766d5b64b99a611694f04"
"461","benign","reference_000461.png","4","Benign","1","48892","bfd28783210f84bc755c31bb044dd8dac45f9ed9900854d1d47bdf597105498e"
"462","benign","reference_000462.png","4","Benign","1","20974","f0cfbed8496beb1fb6dd7326a0656a3ab218370cf4973e196522f188adeca943"
"463","benign","reference_000463.png","4","Benign","7","64740","7e07ee17ff908977706fc8742628af8ab82741e547f86676e3f9f80877739d1b"
"464","benign","reference_000464.png","4","Benign","1","30417","898901b5174d0294124902fb7b96dd0bb73d288b290c47801b320501667ccf26"
"465","benign","reference_000465.png","4","Benign","7","45686","ce9322b553e5f5553c1e6ef3de8b7bef2946c82cb084e9a2839f5cfcad654586"
"466","benign","reference_000466.png","4","Benign","6","23763","3b84823ffd4d61516331a4ecc56dac4f48c9cbbcf550ec5fa030b872466ea79f"
"467","benign","reference_000467.png","4","Benign","7","56704","391c35cdf6b46028106c2c23d34fb25fe32cd3fdcec6c9f7693518418d89f77e"
"468","benign","reference_000468.png","4","Benign","6","21045","7128cc7d0972ad24991eb1699acf86bc9dabdd040f67875a93be4b4bd7f8a3d3"
"469","benign","reference_000469.png","4","Benign","7","120217","74d8f68c56e6ecae307568911c1f3406238e23069c31c86c6039e728d17f874c"
"470","benign","reference_000470.png","4","Benign","1","26623","91a00ab170f53c30b19bb3f887436976df04677649f064f69732f43bd8e9df9d"
"471","benign","reference_000471.png","4","Benign","7","33424","8eec1ac1eb34a17be7aad8f5a0ef449764b6ee391d70852a8bf6456c5788a41b"
"472","benign","reference_000472.png","4","Benign","1","53646","e19110ce1f31808922589f96b1b3ac34776f0869d31e83659930292f8d4ed06b"
"473","benign","reference_000473.png","4","Benign","7","91979","4251554ff5009629a417def9c95d524131b53fc9d93bef227b20993f5361819e"
"474","benign","reference_000474.png","4","Benign","7","70050","60ba15a5f116124ae0c06418b13553fdceef70938eb5c061b6f00b2afcaf9cfe"
"475","benign","reference_000475.png","4","Benign","7","30192","2a1f64a311748521e43601ed7a33928bfdb69355dc3c4ca82d0e34053a100e42"
"476","benign","reference_000476.png","4","Benign","4","15191","0bddff8a0531a882ba101e0c2ce8505422b4c40449c1a15b418a731c565d1207"
"477","benign","reference_000477.png","4","Benign","1","33975","92dbf3a13b81c02802f413524a86a80a243d72dfbbf4b859b9c89a73716d4494"
"478","benign","reference_000478.png","4","Benign","1","36659","2eba4d6a07cc858170b92fe85f5f369531efe7ee2df51e952e01f29ac6851411"
"479","benign","reference_000479.png","4","Benign","7","101101","9c3ece72e477968825cb8fb0dfdc30f1fc985e44d29f52a4b52ab929634f22ad"
"480","benign","reference_000480.png","4","Benign","4","38194","752c82051606de1f035d5023438ca09c6340e1fcf1fd76d9fbd138df8f96f166"
"481","benign","reference_000481.png","4","Benign","4","39860","f835bd601828d5c27f57a8bab19983011b4382ee30ca92f7f5f2d9b114841ada"
"482","benign","reference_000482.png","4","Benign","1","26716","322cdbb842e315a5fcc5da957a8ce1ef556499f27fe6cb4f3e7b69abf11f004e"
"483","benign","reference_000483.png","4","Benign","8","64642","a8dc2ec98f5bde71240b08ccee4999443646e16c46613c48add15c19b991d884"
"484","benign","reference_000484.png","4","Benign","1","24564","1df133cf84c5195e0c1fcd360e0f2a98661a3af289cbde30817bb3522d9eeb17"
"485","benign","reference_000485.png","4","Benign","1","22176","fb4abb28ad94bd4b41fce29e521061ac2d8fb4d3737c8116fc72780450105bec"
"486","benign","reference_000486.png","4","Benign","1","20556","20333185ecf617a7bea7cbbb026588a81579632657e7ba0eea7e1a7794479221"
"487","benign","reference_000487.png","4","Benign","1","25574","ba7d6e52b85b62164c78d51b88a76f822fdc15d5aec59eb28369989b2ddfa0f8"
"488","benign","reference_000488.png","4","Benign","4","11614","6cbc062852ac077bfbd94fc6b2b4ebbf2d38147c7b574be7b948893f52de7260"
"489","benign","reference_000489.png","4","Benign","8","13889","6a8412cba80c956484aa1f4b04259bc15dbe1cfc47b95ca0b85ac47ad41f1fff"
"490","benign","reference_000490.png","4","Benign","1","9670","a059fc3c419a768864e7942d3cbfd49d92d101ac37b6eea46426a4a6412ccf02"
"491","benign","reference_000491.png","4","Benign","8","21893","e06b6312aa81166ac1b50f9031a2a1b44b7f5acc0bc1a0e9550b926c1f7f6d86"
"492","benign","reference_000492.png","4","Benign","4","47641","f08925635f710904b1c635f02fb1b4a4c50435738c96014ccc5aaa5082a66b4d"
"493","benign","reference_000493.png","4","Benign","5","36614","5233b5608ac006ee0f68548d5a4833d26cbbd12a3dae0dff9e42f39a08c59263"
"494","benign","reference_000494.png","4","Benign","5","41837","afe6c3ef7c4e1e6084210e5ff452ff7ebbc30118d6a40aa6ccb4b058a3f12880"
"495","benign","reference_000495.png","4","Benign","5","38812","51f4bb698ed22987b9bf7ff9550830e6437a1bd82bb27876c589664589b99ad9"
"496","benign","reference_000496.png","4","Benign","5","43105","99bc5a05f24e78397940c457db1c9fe098029b83bb5453f8d0498d1305fe2f47"
"497","benign","reference_000497.png","4","Benign","5","39368","45a8548766c0a3846f496adca6b6833fde89d0679a1bd54c3291b59df6f266b3"
"498","benign","reference_000498.png","4","Benign","5","25943","48c946f682ca1b95643240b5c4d335e6e1b396af7a88bc34899f7da6cdce9ba1"
"499","benign","reference_000499.png","4","Benign","5","42972","c8feff50cf9840185ce2b10436559d47f765822a70eed69dcaf4e4b7f4108303"
"500","benign","reference_000500.png","4","Benign","5","88513","8b564df1aac0fa43f2820d583131ebac44aaa73b03a4c715be90b1e7bef61bc6"
"501","benign","reference_000501.png","4","Benign","5","39999","14f16ac6260d0bd33b1b354fd8f4ec5ac9dd0ad95b1a34a1991da453ac28a8ab"
"502","benign","reference_000502.png","4","Benign","5","33190","32b88a0e6d523bfefdeeb0390ca5b60dab3449dc750307060bdda5914c6e993b"
"503","benign","reference_000503.png","4","Benign","5","62823","1b7f325fef58cb56018a2918ce90041249056e02374d62fba194bf6f11d61727"
"504","benign","reference_000504.png","4","Benign","5","50151","5c47671e825a6b082b8063469a63d0e845ae7197aa3152f0fb305ca56cc0142f"
"505","benign","reference_000505.png","4","Benign","5","50399","cb960c143a066cd0ac4223e1b48b2adab10ffbcbfa339a5460b7cd16a0321658"
"506","benign","reference_000506.png","4","Benign","5","46708","0a9f0b065d5af6c4eedc691713e12e3c00eadfe0969b2d554cd584f1c50d66d9"
"507","benign","reference_000507.png","4","Benign","5","35065","ea3bd98509b82738cfd071d2a9705e13e210f812d5dae4a8abf821ae7b92720e"
"508","benign","reference_000508.png","4","Benign","5","25336","dc3a6748392565352eae6d99b72e068dee6d4efe1c53f625257e3a10ce789051"
"509","benign","reference_000509.png","4","Benign","5","57277","6a4623979816226887d56553a2b6d4a1f7606c29673de16e3096ee1f2de41d83"
"510","benign","reference_000510.png","4","Benign","5","36546","0f9258b1eecaba2219a41b857dd266329e613ff3e1aa1fa0dba93545ea49a513"
"511","benign","reference_000511.png","4","Benign","8","47639","8d21117368653331a200e8eb78b5b7111510e03cc463bfa6e2d1aa1e563d2c77"
"512","benign","reference_000512.png","4","Benign","8","32432","165461386be94981883b01e7011ed565ffa50bdde0e000be4c83d12d8f9fcb76"
"513","benign","reference_000513.png","4","Benign","8","16031","bcbf5a768d7a8e82911d8e00e74271ece0d9844356775cf71f219d90f2d87557"
"514","benign","reference_000514.png","4","Benign","8","43471","ec65f257f2e68634221604bcf163f7cde411a6e6684b4f08aaa28e3b8e4c6e10"
"515","benign","reference_000515.png","4","Benign","8","30758","3b2bb7480039ae54bb7b6ea83ab3af6581f012fc30e7ae2bd0e0001253f632c9"
"516","benign","reference_000516.png","4","Benign","8","25653","56a63b51147c0441185516740189eba56e2b12ddfca5c767b573a9310751b116"
"517","benign","reference_000517.png","4","Benign","8","59797","dc27f1502e3f61e78c50b420e5b98d17f32efc634412062ddaceed7974af7192"
"518","benign","reference_000518.png","4","Benign","5","28516","487bc1caa7b8a00af4de46a540549eb4309e3c642ea52379a0005686e0a7310c"
"519","benign","reference_000519.png","4","Benign","4","38736","769cb1b203679b845de9fb813cbeb59124086895717a3e9aa7b1caf9ce085491"
"520","benign","reference_000520.png","4","Benign","4","29722","8dc9878e7842f27bb1e0a07ce8b610cc5f56f421a7413cc10c559167461acad3"
"521","benign","reference_000521.png","4","Benign","4","31818","e1305c4a460914b6bf5d5d894f429706351025544fcf255a3d4e27e09302bc55"
"522","benign","reference_000522.png","4","Benign","4","22411","812cd0ec817152f30cbe6082f9e3a56576de8be28713b7394ce8d806fdc1c7cb"
"523","benign","reference_000523.png","4","Benign","4","35949","d68f0239d4e45b05b213ce6f564e90c2a9549ce3dca5a931da2cbed5dec8b30d"
"524","benign","reference_000524.png","4","Benign","4","19265","cc7cea3fd8a7952146ba28dcfdcdd448aedd335e172f40c1aaec184e14e57423"
"525","benign","reference_000525.png","4","Benign","4","88412","80b599358c99332fca87432aec2bb834a3d146803935249398cb1150d34f1ab5"
"526","benign","reference_000526.png","4","Benign","4","22660","a7d32c38894662121011e0b0bedfd49b3216890802f868fbc58027ee5662e2c5"
"527","benign","reference_000527.png","4","Benign","4","38537","4b7f3bf17951a225c52f3885f6c5c046ffe04da173e1bdba1f66e1b08c2f70d6"
"528","benign","reference_000528.png","4","Benign","4","17967","36381d1a791dff73c378f4c317345815bd34c86959a17d603f6dbf929ab468e0"
"529","benign","reference_000529.png","4","Benign","4","29802","35f18d63f9b34de1d4526c7b50d34696c666a5596e70bdd15d656f3260d09953"
"530","benign","reference_000530.png","4","Benign","4","18060","f7f9fe1f153decabc04a8d6b2764e857ffcbe2bac12989701386b99c2293df13"
"531","benign","reference_000531.png","4","Benign","4","30627","f14e86a57c8b5d0ddcf5ca654261e29a0f7146b75f7c9432176000a0b0499f99"
"532","benign","reference_000532.png","4","Benign","4","60721","378f18aa0e48a3b900266dfaa5be93a3cd4c4f60e08d4d514c1c0f2615458b85"
"533","benign","reference_000533.png","4","Benign","4","39080","e88952ced9c7cded0e09c0e34479711e813a7cdc0d679dba7d75c8e11d77f3ad"
"534","benign","reference_000534.png","4","Benign","4","26548","e8610f393a74c053838bdd4795e89a57a74f781b6205d5e6ddbf204a3afed66e"
"535","benign","reference_000535.png","4","Benign","4","32724","c9130247505f6180b8e274b35dc30c9dd87241b464ab03084cb9431c0020544f"
"536","benign","reference_000536.png","4","Benign","4","28369","ab2eb3ec3320e7b66c84244e756d0a1ab77193a99a828cb21c9afdf8da91b580"
"537","benign","reference_000537.png","4","Benign","4","42956","23f589043fdcaf0676790fa6aa4869b6f61cfb5a3a0727bd57d0a966a1445922"
"538","benign","reference_000538.png","4","Benign","4","48360","6ed459dff27f17a4946547cc0e6988ec6c5a8058a2570f0932f221e0c2e1ff7f"
"539","benign","reference_000539.png","4","Benign","4","21098","79ff2426456d56559d5242a389f88e46c44baa24f3327e1268283ea39b9c745e"
"540","benign","reference_000540.png","4","Benign","4","48119","a66767303ca34525bc2ddd61f26f08010341d41014326611af4ab37812575796"
"541","benign","reference_000541.png","4","Benign","4","28701","58f19d700d318d973bcbead1169c3a6ff72864045949184e7445930ba7338f06"
"542","benign","reference_000542.png","4","Benign","3","17543","78d7e3441efb82354deb25aa629e939b4b1d460109e91fe5712d844dea788cfa"
"543","benign","reference_000543.png","4","Benign","3","12955","cc6d1588a75489194b4751fb4584411fc31d83af4dc733f8a74cbe7c6d6f69d1"
"544","benign","reference_000544.png","4","Benign","3","13352","e716705e1c90768a85f648fbbd0f94b5fe7cecdb28eff900efee9154f2ad4e1f"
"545","benign","reference_000545.png","4","Benign","3","13803","8d403f03f1e2fd789fd67d548fcfd205be6248450805ddbb4eaa75930b3ff2f9"
"546","benign","reference_000546.png","4","Benign","3","11733","284f51f0eebd92da3a9f072fdf8360974ffa4a5d6d9dcb36fde3e86f3cda1073"
"547","benign","reference_000547.png","4","Benign","3","11258","fc2144e42af40a9618d04d63e87ed3c684b6eb17997e4c85521f53d00eb95d06"
"548","benign","reference_000548.png","4","Benign","3","9444","1bead9d8238db39adcaadefe27eef48cc3bcf711ba82c429562c8a6545021113"
"549","benign","reference_000549.png","4","Benign","3","8709","1356826ed53f88bdd3213b53c215d5153bde843bbcb0e088ceb1623a42528e84"
"550","benign","reference_000550.png","4","Benign","3","11986","7ea988c4aab3abafe5eedce64eef18405617a2c23be9f22cf7706a6d3c92345d"
"551","benign","reference_000551.png","4","Benign","3","11901","dcc2c8c8f6e48abff935003ad912fa7496e61a9a93280bbc52bc29bbdc569d3d"
"552","benign","reference_000552.png","4","Benign","3","11846","e4b523698b40da51c444360b3f2617ac235963e24f5e4115c8d7764bac15e365"
"553","benign","reference_000553.png","4","Benign","3","8734","5f6d5969dfce0db7c1764386988b6f13bb7dfadf6c4137d5f232926c172dfc36"
"554","benign","reference_000554.png","4","Benign","3","15878","83803bcb8056be9f786e1d5532c2c35369f92b8e53daaef8878d4bc1d2135fd3"
"555","benign","reference_000555.png","4","Benign","3","10774","a6c1c0919f817fab4fcf301beb4ef673678aa770d55ecd2cf560fb53ad8da966"
"556","benign","reference_000556.png","4","Benign","3","7261","3a4ee5a7cf42946f1392f22a765fa19cf68cfbb6c7af8bfb0062a76416ac0f8b"
"557","benign","reference_000557.png","4","Benign","3","11092","e9a7c67a2fdd49f9ccc09d044bc045119f8e7652ff168436e14bfc563a103f94"
"558","benign","reference_000558.png","4","Benign","3","9788","05d4fa1ef7e8221d5c5da37a3c1963e0dabd3293dd36e640e1fbea6e4c5d35cf"
"559","benign","reference_000559.png","4","Benign","3","11048","506d83ec8c402769b849a8fb4c965ab7327029bbccf4750900fc6edc6056126b"
"560","benign","reference_000560.png","4","Benign","3","16708","c0b84b2ffe89fc410f91e4c425b46c2eb5839fd35b1ee2dea93ddf7cbafe58aa"
"561","benign","reference_000561.png","4","Benign","3","29069","1b8ebf256eb6aba9e8d6cb8a5924f7f7e7f30e57ab23a032ea370aff16e88eec"
"562","benign","reference_000562.png","4","Benign","3","36095","8c58112bac8c932da1ec6c176b4b8d8e121c4aae3ac9f58fedf5a730c1749199"
"563","benign","reference_000563.png","4","Benign","3","10398","238edf05ac34a15baba923ca7d4071e4fa349c231963f632d5b2597a59de5af4"
"564","benign","reference_000564.png","4","Benign","3","15161","2c754faf0881141999808734425e0861df8765137d920b34004cc2105cc6deb3"
"565","benign","reference_000565.png","4","Benign","3","24288","d9f4075be09c66f92bf1d4a88081190348eee7d108d05e835edc08c03673131c"
"566","benign","reference_000566.png","4","Benign","3","23525","d8d02c1cd0e5ac7acebc338ad6f0a16e2f310783fc56694ea7db6aa2cfd9f66a"
"567","benign","reference_000567.png","4","Benign","3","19409","1492262cf70a3e702d2e0c421ca2b0d5a4276c083a93626ad044ab98523fdd43"
"568","benign","reference_000568.png","4","Benign","3","26964","6c5567053df546f4ccb646b4b2472c73f2f3f8f9d97de931a637127449316468"
"569","benign","reference_000569.png","4","Benign","3","35673","9d9f072ddbf7ff825da8b0797f655549707480275283d5770147869dcc571865"
"570","benign","reference_000570.png","4","Benign","3","23551","e2bbc958b305f98c21be9268605f21f8a2f1362cdfd276d9029d96b3d58453ba"
"571","benign","reference_000571.png","4","Benign","3","19913","8d1009adaafedc5cd087b84fa750a92a55e1bbaefd6ae6781039528d16a66c63"
"572","benign","reference_000572.png","4","Benign","3","23580","9113fafd41fcb91ad5f58f3d4c17ad50b2102af9fc2a1aaa2633e04b6db5b944"
"573","benign","reference_000573.png","4","Benign","3","10185","9ae2a3f2a9ee34c0a88c1d2b871747f87ed35b4f619b43cfe42fbe73097ace6b"
"574","benign","reference_000574.png","4","Benign","8","59345","2a0b08ff3f9415c74d28263d22e261eda8cb675ec68220b932470124063631ba"
"575","benign","reference_000575.png","4","Benign","8","258605","30190c04b1cccd612bd972090a9fdbb3667f848045c88bfec7873f2844b9bd8a"
"576","benign","reference_000576.png","4","Benign","8","47674","af7d88ff6b8b781986c59e97fbbb0d1ae532aa8935cc9671a243946767dc0419"
"577","benign","reference_000577.png","4","Benign","8","140300","7bd28efe42b139d1d2fa8e2128d5d26fd0d0a81070b56f1b4bed76fda7a6d53d"
"578","benign","reference_000578.png","4","Benign","8","56437","74c6c562d781fa1c0822a7cee7c38d4681b12815be56749a8cd93a82dc20e3f7"
"579","benign","reference_000579.png","4","Benign","8","195436","6269df07362e22f308b3f74f27773b3adbc7c38f22a73bafb41acb75bdfa6937"
"580","benign","reference_000580.png","4","Benign","8","88524","337d9beacf4426d586e76e6d50e4056d6c542858dcef015be8107936ab43366f"
"581","benign","reference_000581.png","4","Benign","8","90561","3c031ea2c79a9f909d4e24796b37f6a5bd8d2507a9221a3c16917c251991753c"
"582","benign","reference_000582.png","4","Benign","8","363671","f3dd1749cbd5e90ecda713bd22b36f39fc80477e79086e68c6b6447174affaed"
"583","benign","reference_000583.png","4","Benign","8","301821","d02327c11939e8a5cc693c5bba6fe00a931ada081d485a7a01b698b4445d701b"
"584","benign","reference_000584.png","4","Benign","8","83037","899fedb37e6ea33787ca1a78b2d09f41ef66889fea0c577a60292fc6fb90ce4e"
"585","benign","reference_000585.png","4","Benign","8","364150","3a6009ecfcb1527ec846ea2d533e416c4581ca7edf156ac48cc99db64748ba11"
"586","benign","reference_000586.png","4","Benign","8","165007","484b6e22d16bda9b4380d6c4f564b6706ef8edf5ff4d66115fec16f43f494f2f"
"587","benign","reference_000587.png","4","Benign","8","75412","b5029354d2dabfd1fa2b9e8c4c21ed457ff42b7a353ad8d24a903413b692218f"
"588","benign","reference_000588.png","4","Benign","8","150966","348366f3c15968ef1ea2e70a8d566852ad1c7502b2e992b62a90b19b8e2315ff"
"589","benign","reference_000589.png","4","Benign","8","95625","3ec3002b7b7e180b7ae3daa664e0c3f3e89a9cb44e0011a87ff2830eff7c1c4d"
"590","benign","reference_000590.png","4","Benign","8","100973","5f40042c6ead49be87db0a8ca330fca1d545a7884f51720266cd70cd0a4c4df4"
"591","benign","reference_000591.png","4","Benign","8","94147","bc49804423ec31549c359934d5f61b44c28f6dc9e75ddfc92c9be65014e3c482"
"592","benign","reference_000592.png","4","Benign","8","96516","3266d3b3519191647d9993c9ebc4a700e4cbf56d821fbc06d3fbc1b9e1c5e452"
"593","benign","reference_000593.png","4","Benign","8","63034","23c663e77943e85eca007f06ed7bee278af6d9ab4fd264ce211ec9c35f04648a"
"594","benign","reference_000594.png","4","Benign","8","251062","c16888c2b1a48a0fbda2c301b668b96108be69e43c03db783e149de56578aa45"
"595","benign","reference_000595.png","4","Benign","8","58436","4d36d97867de11e7dd0f28677ca44a701152a24d4856c837a68544bda549008d"
"596","benign","reference_000596.png","4","Benign","8","98637","e0f0a938e9ac5442c1b05ed15da295e532b9b8081bbfff9e8c348dabbda2680f"
"597","benign","reference_000597.png","4","Benign","8","29889","52da3d8ff6af7c135bf8b199d7ae65112e5b7acc4bcad1bdf6ab8b17a4dfb5a5"
"598","benign","reference_000598.png","4","Benign","8","41866","03baf9a04772cb20e3b40aace139b00b39ee0107eb65b504cb40e16d5e36b4c3"
"599","benign","reference_000599.png","4","Benign","8","20441","4e1d63425d65455f50f80e3e05f8ecca2991f4d6357d6efc7e5326d09185a2c6"
"600","benign","reference_000600.png","4","Benign","8","36623","f00df9931f82241305a8250e46502d1670d439267686c70618c02085ff4f6dc5"
"601","benign","reference_000601.png","4","Benign","8","33465","c29d86bcd804bc07a0061623d2667321ca61efbb93b268c1c6c796137c62ab7e"
"602","benign","reference_000602.png","4","Benign","8","34716","bd48912455ee076bf9df4a33f0ebe49ec7490be4b4b781558d012d8feb94cbca"
"603","benign","reference_000603.png","4","Benign","8","49360","bc55b12be7e452cde51f45677615566f6a2fcdbb61279138199381e84621a38c"
